id,Name,titleProject_id,class,score , login , password
1 , Папандина Клавдия Яковлевна , 304 , 9в , 5 , Папандина_КЯ , PnfP9lbJ
7 , Меднова Наталья Богдановна , 290 , 7и , 5 , Меднова_НБ , pkHTBzO1
8 , Житихин Вячеслав Романович , 141 , 9а , 5 , Житихин_ВР , n8CRXpcA
9 , Шеврина Полина Максимовна , 33 , 11а , 5 , Шеврина_ПМ , 6jXv07ZV
12 , Дориков Дмитрий Петрович , 296 , 10г , 5 , Дориков_ДП , OepCZp1A
13 , Корабышев Кирилл Михаилович , 302 , 8и , 5 , Корабышев_КМ , qRbtb1KN
17 , Королупов Валерий Тимофеевич , 397 , 10д , 5 , Королупов_ВТ , rz5VRwH1
21 , Опевалова Вера Евгеньевна , 473 , 9д , 5 , Опевалова_ВЕ , 9wrswLxE
22 , Назерова Вероника Василевна , 206 , 7б , 5 , Назерова_ВВ , jmrP57rn
23 , Дименская Светлана Дмитриевна , 387 , 9д , 5 , Дименская_СД , NlPou3v3
25 , Кулишнин Вячеслав Яковлевич , 386 , 11х , 5 , Кулишнин_ВЯ , hm9k2jRm
26 , Лексин Кирилл Антонович , 139 , 7в , 5 , Лексин_КА , 18q8QWsg
27 , Лаковский Григорий Василиевич , 240 , 7д , 5 , Лаковский_ГВ , Xr87512C
31 , Моторыгин Илья Георгиевич , 238 , 10и , 5 , Моторыгин_ИГ , t5uuUrhV
32 , Рыков Тарас Павлович , 174 , 10и , 5 , Рыков_ТП , 3TbArXv6
33 , Иончикова Елизавета Егоровна , 169 , 8д , 5 , Иончикова_ЕЕ , HqWe9wqL
34 , Смолькина Алиса Егоровна , 441 , 7г , 5 , Смолькина_АЕ , ktr2SC1J
41 , Шумейкин Роман Павлович , 420 , 8в , 5 , Шумейкин_РП , CuMuKX0F
46 , Бутукин Владимир Адамович , 221 , 7х , 5 , Бутукин_ВА , E2VVxvSR
48 , Ревцев Василий Павлович , 360 , 9х , 5 , Ревцев_ВП , 1UvDm5T1
54 , Понизов Виктор Кириллович , 214 , 11и , 5 , Понизов_ВК , q8dlXqxk
55 , Суздалев Валерий Алексеевич , 66 , 11т , 5 , Суздалев_ВА , m24BljmR
59 , Крассов Валерий Олегович , 201 , 8х , 5 , Крассов_ВО , WPq8qTcF
65 , Ахантьев Игорь Валериевич , 80 , 10д , 5 , Ахантьев_ИВ , 2ShRSf5l
68 , Брюкина Оксана Викторовна , 98 , 8в , 5 , Брюкина_ОВ , y8EXeOWR
73 , Декалова Полина Леонидовна , 470 , 11д , 5 , Декалова_ПЛ , KB0gRGwh
74 , Лосицкий Владимир Кириллович , 369 , 9т , 5 , Лосицкий_ВК , nkjQAS6r
75 , Магнусов Пётр Максимович , 437 , 7и , 5 , Магнусов_ПМ , ZhgcR3E7
77 , Шушкалова Вероника Алексеевна , 411 , 8т , 5 , Шушкалова_ВА , n9vCp0t3
78 , Бороданова Маргарита Дмитриевна , 118 , 7г , 5 , Бороданова_МД , RuK4QR01
84 , Макунова Мария Борисовна , 47 , 9в , 5 , Макунова_МБ , uBMpKfk5
85 , Верзанский Геннадий Андреевич , 497 , 7д , 5 , Верзанский_ГА , bbRN5o7V
86 , Алтубин Ярослав Леонидович , 414 , 10г , 5 , Алтубин_ЯЛ , Xu0t3syQ
87 , Аузин Игорь Алексиевич , 435 , 8х , 5 , Аузин_ИА , O5lX2Yqw
92 , Ходорков Евгений Виталиевич , 344 , 9г , 5 , Ходорков_ЕВ , kDBBwdF4
97 , Мыгеева Лиза Василевна , 280 , 8в , 5 , Мыгеева_ЛВ , nJSeQTx2
100 , Прилепина Яна Максимовна , 30 , 10в , 5 , Прилепина_ЯМ , 2e5K9Xl7
101 , Ведищев Никита Георгиевич , 365 , 7и , 5 , Ведищев_НГ , suWu1J2H
103 , Пирцхалова Карина Леонидовна , 452 , 10г , 5 , Пирцхалова_КЛ , MhT4hoKM
104 , Павлочев Денис Борисович , 432 , 11д , 5 , Павлочев_ДБ , 7lfXulDB
110 , Остаченова Марина Эдуардовна , 229 , 9т , 5 , Остаченова_МЭ , Ve9WRwCY
112 , Иваницкий Константин Борисович , 232 , 8д , 5 , Иваницкий_КБ , TfX2D2hj
113 , Белянский Владислав Игоревич , 74 , 11б , 5 , Белянский_ВИ , kxF3lzeH
123 , Корогев Николай Евгеньевич , 184 , 8б , 5 , Корогев_НЕ , 5n32wRAK
130 , Зябрицкий Игорь Виталиевич , 332 , 7а , 5 , Зябрицкий_ИВ , 7BxSmFSS
131 , Шельдяев Игорь Юриевич , 97 , 7д , 5 , Шельдяев_ИЮ , FF7ajnGs
132 , Шмелькин Максим Викторович , 483 , 9т , 5 , Шмелькин_МВ , mNjkxgt7
146 , Киссин Степан Иванович , 251 , 7х , 5 , Киссин_СИ , 2z7KqOzW
153 , Вермутский Валерий Петрович , 447 , 9и , 5 , Вермутский_ВП , 18opyYFO
155 , Циплакова Екатерина Егоровна , 471 , 9б , 5 , Циплакова_ЕЕ , SmbRp0bm
157 , Выхухолева Лариса Василевна , 384 , 8б , 5 , Выхухолева_ЛВ , 0HbrNhNM
158 , Целохов Андрей Вадимович , 433 , 8и , 5 , Целохов_АВ , 0PmHNuZD
169 , Енесина Лиза Валерьевна , 293 , 9б , 5 , Енесина_ЛВ , k0NOGXkd
170 , Пикальков Эдуард Алексиевич , 21 , 8д , 5 , Пикальков_ЭА , JvHz0gb4
173 , Лапундин Юрий Игоревич , 267 , 8и , 5 , Лапундин_ЮИ , 3VyGJpau
177 , Погиблева Дарья Леонидовна , 283 , 9в , 5 , Погиблева_ДЛ , 27RMBRyh
180 , Сыждиков Пётр Василиевич , 494 , 11х , 5 , Сыждиков_ПВ , rJp56UnC
185 , Хадаров Владимир Валериевич , 278 , 11т , 5 , Хадаров_ВВ , 2sjWTrD8
201 , Радоминова Любовь Игоревна , 25 , 9и , 5 , Радоминова_ЛИ , rE1rsrlw
202 , Шувырина Лиза Андреевна , 395 , 9а , 5 , Шувырина_ЛА , ykmFO0eZ
210 , Пурин Виктор Данилович , 154 , 8и , 5 , Пурин_ВД , PX8BxnAk
212 , Марюшкина Яна Федоровна , 345 , 10д , 5 , Марюшкина_ЯФ , Xz4r8RVc
215 , Дочкин Геннадий Алексиевич , 52 , 11и , 5 , Дочкин_ГА , f1ktMJHN
216 , Иняхин Руслан Сергеевич , 234 , 7и , 5 , Иняхин_РС , 0ZoGzrAG
223 , Грамоткин Илья Викторович , 195 , 8д , 5 , Грамоткин_ИВ , xAALvP42
225 , Цинина Светлана Яковлевна , 105 , 11г , 5 , Цинина_СЯ , opXh5HdC
227 , Реева Валентина Максимовна , 146 , 11и , 5 , Реева_ВМ , EB70GEyh
228 , Слесивых Мария Аркадьевна , 35 , 7и , 5 , Слесивых_МА , QhSQ3U1x
229 , Афтаева Полина Ивановна , 193 , 10д , 5 , Афтаева_ПИ , 14ojwDmO
230 , Кривицкий Валентин Виталиевич , 208 , 8х , 5 , Кривицкий_ВВ , fjcTjG4C
237 , Конофалова Клара Петровна , 95 , 11д , 5 , Конофалова_КП , gZeJ1CsQ
240 , Варов Кирилл Иванович , 28 , 8а , 5 , Варов_КИ , R4CL6v3k
247 , Серпичев Василий Алексиевич , 394 , 10х , 5 , Серпичев_ВА , cOPRA9L9
248 , Вострышев Яков Аркадиевич , 343 , 8г , 5 , Вострышев_ЯА , vn1WmSAm
250 , Кулапов Александр Юрьевич , 109 , 9б , 5 , Кулапов_АЮ , 7RR51sF4
260 , Кыштымова Евгения Эдуардовна , 255 , 8в , 5 , Кыштымова_ЕЭ , SeD0QLM3
261 , Ккнязева Клавдия Дмитриевна , 34 , 7б , 5 , Ккнязева_КД , MNGgH4oS
266 , Гомольский Владимир Юриевич , 314 , 11х , 5 , Гомольский_ВЮ , B13uQLF6
267 , Швинова Марина Федоровна , 271 , 8г , 5 , Швинова_МФ , dmT5GkXW
270 , Евстихеев Игорь Василиевич , 422 , 10х , 5 , Евстихеев_ИВ , pmE8oYX3
272 , Гляченков Григорий Николаевич , 431 , 10а , 5 , Гляченков_ГН , dlh6pQsb
274 , Скаредов Яков Иванович , 337 , 9т , 5 , Скаредов_ЯИ , sRz7zAfP
276 , Кравчина Светлана Аркадьевна , 413 , 11г , 5 , Кравчина_СА , y9wtEzm9
282 , Коточигов Семён Игоревич , 26 , 9д , 5 , Коточигов_СИ , zR4Xp8cY
288 , Чикмарев Валентин Валериевич , 306 , 9и , 5 , Чикмарев_ВВ , gAdnxm3F
292 , Кацов Павел Павлович , 236 , 10г , 5 , Кацов_ПП , nJWzmZh8
294 , Мотовицкий Роман Аркадиевич , 31 , 11и , 5 , Мотовицкий_РА , 7l0hsDgR
300 , Крупенова Наталия Андреевна , 209 , 7в , 5 , Крупенова_НА , Y2Sz6Zvm
303 , Берзин Герасим Антонович , 349 , 11т , 5 , Берзин_ГА , BzddfA4H
306 , Чумейкин Константин Антонович , 8 , 8б , 5 , Чумейкин_КА , FcR8ZTXD
309 , Акуратова Клавдия Андреевна , 92 , 9г , 5 , Акуратова_КА , nEall8bR
310 , Курмеева Елизавета Валерьевна , 486 , 8а , 5 , Курмеева_ЕВ , DWp0RNq9
312 , Бакушин Эдуард Адамович , 265 , 7б , 5 , Бакушин_ЭА , L4DN18hR
319 , Глоточкина Оксана Аркадьевна , 370 , 9и , 5 , Глоточкина_ОА , J0AKa1Af
320 , Шапина Маргарита Романовна , 163 , 8б , 5 , Шапина_МР , 709kTVE0
325 , Боготынина София Егоровна , 63 , 11б , 5 , Боготынина_СЕ , MbR18xtK
326 , Саюшкин Игорь Алексиевич , 211 , 11х , 5 , Саюшкин_ИА , YV55r3nO
328 , Незлина Жанна Василевна , 426 , 8б , 5 , Незлина_ЖВ , r7MCDDRR
330 , Пустынкин Вадим Антонович , 388 , 10в , 5 , Пустынкин_ВА , 3kcrHtrY
331 , Аринакова Ирина Михайловна , 150 , 8в , 5 , Аринакова_ИМ , PLz8LZdE
332 , Обиралкова Мария Егоровна , 294 , 11т , 5 , Обиралкова_МЕ , v3rMksxc
334 , Яуров Герасим Юрьевич , 38 , 9а , 5 , Яуров_ГЮ , 7gXa4n1l
336 , Гвасков Евгений Михаилович , 402 , 9в , 5 , Гвасков_ЕМ , Sbro1F00
337 , Жабынина Галина Николаевна , 185 , 7х , 5 , Жабынина_ГН , 1YBGaKun
345 , Зархин Иван Алексиевич , 478 , 11и , 5 , Зархин_ИА , F89gX2rB
352 , Волынский Алексей Виталиевич , 362 , 11т , 5 , Волынский_АВ , eR19Nr48
353 , Машонский Василий Данилович , 23 , 9д , 5 , Машонский_ВД , uSG7Ote3
355 , Борщина Алёна Ивановна , 377 , 11а , 5 , Борщина_АИ , e3XjNdZR
360 , Свльхова Наталья Вадимовна , 160 , 9т , 5 , Свльхова_НВ , amWBn3mX
369 , Балакишиев Роман Алексиевич , 143 , 11х , 5 , Балакишиев_РА , HL5q4MF7
373 , Муринов Анатолий Борисович , 171 , 11б , 5 , Муринов_АБ , dXg90Jbw
375 , Ситчихин Станислав Георгиевич , 247 , 8т , 5 , Ситчихин_СГ , H61fy4ZB
377 , Дзабиев Григорий Георгиевич , 259 , 11д , 5 , Дзабиев_ГГ , Z9KmEZ1h
378 , Рыбаулин Григорий Алексеевич , 140 , 11а , 5 , Рыбаулин_ГА , f3Z4Freq
382 , Синенков Григорий Леонидович , 230 , 9в , 5 , Синенков_ГЛ , xrb2dmKH
383 , Лизункин Артур Олегович , 4 , 11в , 5 , Лизункин_АО , DRYUm2vW
384 , Славущева Александра Эдуардовна , 81 , 8а , 5 , Славущева_АЭ , pbq6blXx
388 , Половодов Кирилл Николаевич , 18 , 8т , 5 , Половодов_КН , lRqfa1M6
392 , Буров Руслан Игоревич , 405 , 11и , 5 , Буров_РИ , CuSqgW4X
396 , Ичкинина Любовь Андреевна , 299 , 8г , 5 , Ичкинина_ЛА , y6cbHZbw
407 , Девляшова Кира Олеговна , 51 , 11д , 5 , Девляшова_КО , f6wbyRK2
408 , Яковкина Алена Никитична , 320 , 9т , 5 , Яковкина_АН , HNapfXX6
411 , Шкапрова Ева Ивановна , 371 , 7б , 5 , Шкапрова_ЕИ , RJtUum4R
432 , Головяшин Павел Юриевич , 179 , 7г , 5 , Головяшин_ПЮ , oObgXE8l
440 , Туморина Ксения Федоровна , 133 , 8б , 5 , Туморина_КФ , 8dxm9YCm
449 , Долбишев Николай Аркадиевич , 292 , 10б , 5 , Долбишев_НА , 1ErmfrxY
460 , Чиличкина Светлана Яковлевна , 5 , 8в , 5 , Чиличкина_СЯ , 0s9bMQkR
467 , Бисеева Полина Романовна , 48 , 7д , 5 , Бисеева_ПР , MVV2AzCd
469 , Тоняев Герасим Петрович , 378 , 9т , 5 , Тоняев_ГП , ONuyMT5H
474 , Аборонова Алиса Алексеевна , 444 , 7г , 5 , Аборонова_АА , Ud9RsuOl
480 , Лабинов Павел Алексеевич , 272 , 7б , 5 , Лабинов_ПА , 7lpqtrhQ
487 , Гершанова Любовь Евгеньевна , 383 , 11т , 5 , Гершанова_ЛЕ , 8jwUJoCv
488 , Салина Алена Егоровна , 73 , 11в , 5 , Салина_АЕ , EdtrhtX9
491 , Гдагазина Лиза Василевна , 212 , 9т , 5 , Гдагазина_ЛВ , 18dCgdqs
496 , Рачнов Герасим Алексеевич , 103 , 10а , 5 , Рачнов_ГА , 1WJgA7jM
2 , Белагина Галина Андреевна , 396 , 9а , 4 , Белагина_ГА , t3lJ8uRv
5 , Жидняева Ксения Эдуардовна , 373 , 7х , 4 , Жидняева_КЭ , sSR363Om
15 , Нехаев Дмитрий Фёдорович , 129 , 7х , 4 , Нехаев_ДФ , jGOttGz0
18 , Стенцов Евгений Яковлевич , 315 , 8и , 4 , Стенцов_ЕЯ , 3eXDbcj2
30 , Петрикеев Станислав Яковлевич , 14 , 7и , 4 , Петрикеев_СЯ , KK3HUgRZ
35 , Оболенин Герасим Павлович , 472 , 7и , 4 , Оболенин_ГП , EF8mEbaD
37 , Поддубская Лиза Игоревна , 496 , 10а , 4 , Поддубская_ЛИ , 68K5mYPO
38 , Телькова Валерия Олеговна , 335 , 7х , 4 , Телькова_ВО , TMVet5rv
42 , Трушинов Максим Алексиевич , 82 , 8и , 4 , Трушинов_МА , aNLrkMl0
43 , Голюков Денис Сергеевич , 62 , 11б , 4 , Голюков_ДС , 1RrYeR02
47 , Поддуев Леонид Олегович , 149 , 9х , 4 , Поддуев_ЛО , 0Cwzxlwe
56 , Колендин Дмитрий Алексеевич , 153 , 10в , 4 , Колендин_ДА , 0qgGR9T2
57 , Сулькова Екатерина Андреевна , 325 , 8и , 4 , Сулькова_ЕА , X7ord1UY
72 , Озрина Катерина Валерьевна , 147 , 10а , 4 , Озрина_КВ , rTLl4Am9
81 , Чукалова Дарья Валерьевна , 20 , 10г , 4 , Чукалова_ДВ , UbmcL8yb
96 , Влянская Мария Андреевна , 490 , 7т , 4 , Влянская_МА , uB9843pm
108 , Дерналов Виталий Викторович , 1 , 9г , 4 , Дерналов_ВВ , 2RgbYrKF
111 , Битюкова Яна Егоровна , 488 , 9и , 4 , Битюкова_ЯЕ , yTvp6MXa
115 , Шкабанова Софья Вадимовна , 499 , 9х , 4 , Шкабанова_СВ , Pyo91xR6
121 , Ивашечкин Александр Данилович , 390 , 10т , 4 , Ивашечкин_АД , OyAtrg55
122 , Мазьянова Инна Богдановна , 416 , 11в , 4 , Мазьянова_ИБ , rtUxe5ml
124 , Заидова Галина Максимовна , 88 , 9т , 4 , Заидова_ГМ , NYrX0FK9
125 , Рамхин Кирилл Алексиевич , 459 , 9х , 4 , Рамхин_КА , y5KNMLvQ
135 , Швичкова Наталья Эдуардовна , 398 , 7г , 4 , Швичкова_НЭ , 7fPqEMWl
136 , Едская Жанна Валерьевна , 436 , 11в , 4 , Едская_ЖВ , s2Rdm0Qz
137 , Поморзина Полина Евгеньевна , 122 , 7д , 4 , Поморзина_ПЕ , JDlk0ptS
138 , Будачева Кира Олеговна , 55 , 11х , 4 , Будачева_КО , z24lUZjN
141 , Маховиков Василий Петрович , 391 , 7х , 4 , Маховиков_ВП , b7eJuqss
149 , Сошьяков Альберт Фёдорович , 17 , 7т , 4 , Сошьяков_АФ , g1VhoYf0
150 , Лугахина Клара Вадимовна , 419 , 8в , 4 , Лугахина_КВ , 6DnF2GNe
151 , Логецкий Анатолий Виталиевич , 372 , 11б , 4 , Логецкий_АВ , nT7Q2cNr
159 , Бендин Иван Яковлевич , 71 , 8и , 4 , Бендин_ИЯ , gdNLMF5c
162 , Мухонкин Тарас Романович , 126 , 9и , 4 , Мухонкин_ТР , JaRB0kxK
166 , Серпков Ярослав Георгиевич , 380 , 10б , 4 , Серпков_ЯГ , DoTemA2E
167 , Хатшуклов Аркадий Николаевич , 42 , 11т , 4 , Хатшуклов_АН , mCp06TAe
175 , Смароверов Яков Борисович , 131 , 11в , 4 , Смароверов_ЯБ , 2p3Kwr1l
179 , Шиловский Вячеслав Максимович , 438 , 9и , 4 , Шиловский_ВМ , 0Ecv4sug
184 , Игумнова Алёна Сергеевна , 114 , 9д , 4 , Игумнова_АС , rp3aJm2w
187 , Шоленинов Федор Максимович , 286 , 11т , 4 , Шоленинов_ФМ , mZGSEl9q
188 , Гундаров Руслан Николаевич , 158 , 9д , 4 , Гундаров_РН , ErJ6cyRR
191 , Роткичева Алиса Максимовна , 410 , 10а , 4 , Роткичева_АМ , 88pn8fAz
192 , Колтышева Марина Вадимовна , 87 , 11г , 4 , Колтышева_МВ , y9tdWLOD
194 , Горцева Кристина Никитична , 246 , 8и , 4 , Горцева_КН , go8AqPyL
203 , Калиженков Семён Алексеевич , 401 , 11а , 4 , Калиженков_СА , gJJOWpp3
208 , Лератов Герасим Сергеевич , 374 , 10а , 4 , Лератов_ГС , pMRT3NzL
218 , Кашавцев Аркадий Леонидович , 58 , 7а , 4 , Кашавцев_АЛ , ytEz0Uhc
231 , Чубатов Константин Леонидович , 279 , 11а , 4 , Чубатов_КЛ , 1uSRVDlq
233 , Черушев Григорий Борисович , 84 , 7г , 4 , Черушев_ГБ , j2eBrL9M
235 , Янкевский Вячеслав Адамович , 167 , 11г , 4 , Янкевский_ВА , ChsLrWX7
236 , Сухручкина Клавдия Аркадьевна , 177 , 7в , 4 , Сухручкина_КА , tzfFMU98
238 , Лигасов Михаил Павлович , 491 , 11г , 4 , Лигасов_МП , AQ5jv22Q
239 , Писарьков Альберт Игоревич , 313 , 8в , 4 , Писарьков_АИ , UhftH3Mt
253 , Татаурова Галина Федоровна , 145 , 10т , 4 , Татаурова_ГФ , pH4RRNVe
255 , Мягченков Артём Денисович , 115 , 7б , 4 , Мягченков_АД , 8SQvqHwv
256 , Брикова Инна Богдановна , 256 , 9б , 4 , Брикова_ИБ , w8fAJ0KU
263 , Рисина Раиса Валерьевна , 451 , 10а , 4 , Рисина_РВ , O1wgZj4a
279 , Згуровская Виктория Андреевна , 220 , 9т , 4 , Згуровская_ВА , 5ZEqGWp2
280 , Секерский Станислав Сергеевич , 235 , 10а , 4 , Секерский_СС , 7yBbwfad
284 , Валягин Григорий Антонович , 94 , 10в , 4 , Валягин_ГА , r5z5U6W2
289 , Киницына Валерия Олеговна , 202 , 7х , 4 , Киницына_ВО , UoJEp53w
296 , Щепалкина Валерия Сергеевна , 134 , 9б , 4 , Щепалкина_ВС , 22lGTc4O
302 , Паушева Виолетта Никитична , 310 , 8г , 4 , Паушева_ВН , JU2qhyRL
304 , Шулунова Алла Алексеевна , 54 , 7д , 4 , Шулунова_АА , r9enLyYJ
321 , Дурылин Георгий Валериевич , 261 , 11т , 4 , Дурылин_ГВ , 32fk4Adf
322 , Болкисева Анна Викторовна , 248 , 7х , 4 , Болкисева_АВ , 8r0R4PyH
323 , Багапов Вячеслав Сергеевич , 99 , 7д , 4 , Багапов_ВС , yV9DqmYf
329 , Федичева Вероника Кирилловна , 37 , 7х , 4 , Федичева_ВК , 73q9TegY
335 , Духонькин Вячеслав Фёдорович , 2 , 9в , 4 , Духонькин_ВФ , 2CU67O8t
338 , Шерюкова Виолетта Романовна , 440 , 9б , 4 , Шерюкова_ВР , m30JZoX8
340 , Шайдуков Андрей Михаилович , 317 , 9и , 4 , Шайдуков_АМ , GlqxA0j3
341 , Смирнягина Дарья Игоревна , 425 , 10в , 4 , Смирнягина_ДИ , w9RVlOEE
343 , Ашукин Вячеслав Михаилович , 191 , 10т , 4 , Ашукин_ВМ , uhgG6GmQ
350 , Ронова Клавдия Валерьевна , 107 , 7и , 4 , Ронова_КВ , D8nv9fPJ
354 , Буриева Зинаида Аркадьевна , 104 , 11д , 4 , Буриева_ЗА , 6nskxtkE
356 , Белчков Олег Иванович , 275 , 10а , 4 , Белчков_ОИ , lrK2dxDT
358 , Оргонова Любовь Максимовна , 264 , 7б , 4 , Оргонова_ЛМ , 5xDmuCf9
362 , Межуев Георгий Юриевич , 355 , 8г , 4 , Межуев_ГЮ , SfN8Ktwu
366 , Дембская Екатерина Никитична , 64 , 11б , 4 , Дембская_ЕН , t1LN0Bm0
370 , Немтюрева Валерия Аркадьевна , 12 , 10г , 4 , Немтюрева_ВА , QPVpVR44
372 , Заходина Полина Леонидовна , 93 , 10д , 4 , Заходина_ПЛ , Tju0XsjK
381 , Цаблинова Виктория Богдановна , 342 , 9г , 4 , Цаблинова_ВБ , 801h6ugY
390 , Заложнев Роман Фёдорович , 448 , 8в , 4 , Заложнев_РФ , 0hjbbVMA
391 , Рыжих Кристина Аркадьевна , 213 , 7а , 4 , Рыжих_КА , K8wyt38H
393 , Гачков Виталий Евгеньевич , 277 , 9т , 4 , Гачков_ВЕ , Kw9KZn4z
399 , Бучеров Тарас Викторович , 429 , 10д , 4 , Бучеров_ТВ , rQl4TEfc
401 , Льянов Федор Вадимович , 328 , 8а , 4 , Льянов_ФВ , FxXZVp7c
402 , Щуркин Георгий Яковлевич , 180 , 8в , 4 , Щуркин_ГЯ , XFj2CLHA
403 , Акулин Федор Адамович , 241 , 10г , 4 , Акулин_ФА , a2O2bAEK
404 , Волженкова Екатерина Ивановна , 233 , 9д , 4 , Волженкова_ЕИ , P1RXkNRt
412 , Чичирин Владимир Георгиевич , 11 , 10а , 4 , Чичирин_ВГ , Wwq9nMk5
415 , Саверина Надежда Андреевна , 407 , 11б , 4 , Саверина_НА , oA16tB7t
419 , Оплетин Владислав Аркадиевич , 361 , 10х , 4 , Оплетин_ВА , X5QhwRYS
420 , Оденова Карина Андреевна , 409 , 8и , 4 , Оденова_КА , DAjexSO8
421 , Семагин Альберт Андреевич , 456 , 10х , 4 , Семагин_АА , cZxNRR7s
424 , Сарсекеева Алёна Никитична , 462 , 11и , 4 , Сарсекеева_АН , Y1qSayRA
425 , Аковецкий Антон Евгеньевич , 500 , 8б , 4 , Аковецкий_АЕ , Stbj0eYG
429 , Симендяев Василий Алексиевич , 45 , 8д , 4 , Симендяев_ВА , xAtRO0nl
430 , Ошитков Максим Сергеевич , 151 , 10г , 4 , Ошитков_МС , ruTk1aNq
437 , Акиярова Алина Эдуардовна , 9 , 11а , 4 , Акиярова_АЭ , 5GR9p6rf
448 , Туфатулин Ярослав Леонидович , 485 , 8х , 4 , Туфатулин_ЯЛ , uv158ZD2
450 , Махтумова Алёна Эдуардовна , 186 , 10б , 4 , Махтумова_АЭ , 4OhJ5VOF
452 , Куранина Алена Леонидовна , 196 , 9б , 4 , Куранина_АЛ , yr4zzjeY
454 , Мизюрова Алиса Никитична , 176 , 7г , 4 , Мизюрова_АН , oPA6rnW3
458 , Пашохонова Анастасия Федоровна , 467 , 9в , 4 , Пашохонова_АФ , UAHKLZ1e
459 , Сузальцева Тамара Михайловна , 357 , 8х , 4 , Сузальцева_ТМ , pSRppH30
462 , Недосекин Владислав Яковлевич , 457 , 10а , 4 , Недосекин_ВЯ , 6qTbamAq
465 , Шишкунов Герасим Юрьевич , 110 , 8т , 4 , Шишкунов_ГЮ , fAYs4kq1
466 , Сухинин Георгий Алексиевич , 475 , 10х , 4 , Сухинин_ГА , c943NYBk
475 , Ягловская Ева Олеговна , 181 , 8в , 4 , Ягловская_ЕО , zRcbwY8N
476 , Шароварова Яна Романовна , 175 , 8а , 4 , Шароварова_ЯР , B3j65oVy
477 , Общев Яков Викторович , 466 , 8а , 4 , Общев_ЯВ , nWU1bmO2
485 , Бульенков Валентин Иванович , 136 , 10т , 4 , Бульенков_ВИ , zqFQlNV6
486 , Тагакова Вероника Яковлевна , 393 , 8т , 4 , Тагакова_ВЯ , Ol9RbOAs
489 , Фрумова Зинаида Аркадьевна , 78 , 8а , 4 , Фрумова_ЗА , k2v5gJll
19 , Феклисов Константин Виталиевич , 270 , 9т , 3.941 , Феклисов_КВ , Yae9FtYx
249 , Грушчева София Евгеньевна , 480 , 11в , 3.625 , Грушчева_СЕ , YyoZuD7j
143 , Законнова Жанна Евгеньевна , 442 , 11и , 3.6 , Законнова_ЖЕ , qmo3sxFF
105 , Арашкова Екатерина Евгеньевна , 356 , 8х , 3.545 , Арашкова_ЕЕ , w2ahYsG9
69 , Кузовенков Игорь Юрьевич , 322 , 9г , 3.444 , Кузовенков_ИЮ , 38k65ZOT
16 , Зызлова Мария Николаевна , 430 , 8г , 3 , Зызлова_МН , 9MexrR85
28 , Барамыкова Александра Алексеевна , 106 , 10а , 3 , Барамыкова_АА , LGpMK9So
36 , Трощинский Георгий Борисович , 67 , 9д , 3 , Трощинский_ГБ , Hs9P9BZ3
40 , Киреевский Артур Игоревич , 119 , 7в , 3 , Киреевский_АИ , 7Fvp1Y9z
44 , Хлиманкова Надежда Валерьевна , 461 , 10б , 3 , Хлиманкова_НВ , 3TpGDYxS
49 , Старокожев Артём Юрьевич , 46 , 8д , 3 , Старокожев_АЮ , zYlPq2Bt
51 , Старынина Кристина Федоровна , 266 , 9д , 3 , Старынина_КФ , myRLApn5
52 , Востров Дмитрий Денисович , 282 , 9г , 3 , Востров_ДД , v1jHDC9o
60 , Сонураева Инна Андреевна , 450 , 9т , 3 , Сонураева_ИА , rP76dNca
62 , Фичкина Евгения Федоровна , 29 , 11д , 3 , Фичкина_ЕФ , oLeT24YZ
67 , Остюков Артур Романович , 329 , 11и , 3 , Остюков_АР , uKzt4Olr
70 , Калухов Тарас Иванович , 207 , 11а , 3 , Калухов_ТИ , uLr4HRuD
71 , Батыров Пётр Виталиевич , 227 , 7и , 3 , Батыров_ПВ , m3bPs9VC
80 , Болохина Екатерина Андреевна , 194 , 11д , 3 , Болохина_ЕА , zrAVStR5
83 , Зудейкина Вероника Ивановна , 166 , 8и , 3 , Зудейкина_ВИ , YdcSyK3y
91 , Лощинский Борис Романович , 210 , 10б , 3 , Лощинский_БР , woRRfW4w
93 , Кафорин Федор Данилович , 427 , 10д , 3 , Кафорин_ФД , S235jYdB
94 , Косынская Алиса Дмитриевна , 40 , 9в , 3 , Косынская_АД , rdR4K1zU
102 , Самчева Вероника Борисовна , 287 , 10г , 3 , Самчева_ВБ , F90CK9j0
107 , Кудекина Зинаида Игоревна , 250 , 10и , 3 , Кудекина_ЗИ , qKSHh5Pd
109 , Сазинова Галина Романовна , 61 , 9и , 3 , Сазинова_ГР , 2ptTyawK
116 , Полозлов Денис Адамович , 155 , 8т , 3 , Полозлов_ДА , ZQ070SXz
117 , Жунина Светлана Михайловна , 162 , 8в , 3 , Жунина_СМ , c66r4yDk
120 , Трещалова Яна Андреевна , 330 , 8б , 3 , Трещалова_ЯА , WtQ78HGJ
133 , Жалкин Алексей Алексеевич , 43 , 7а , 3 , Жалкин_АА , DZ0S5eSc
144 , Перчихин Аркадий Тимофеевич , 164 , 10т , 3 , Перчихин_АТ , ax6H9kjn
145 , Бурдасова Ксения Игоревна , 203 , 9а , 3 , Бурдасова_КИ , MJ7TRRt4
161 , Скоропухов Михаил Василиевич , 69 , 10и , 3 , Скоропухов_МВ , yOL5RSYc
163 , Камерцев Владимир Кириллович , 303 , 7а , 3 , Камерцев_ВК , 0BH99yeB
168 , Литвалиева Алиса Егоровна , 10 , 11и , 3 , Литвалиева_АЕ , uXdR2X0Q
174 , Личева Лиза Михайловна , 453 , 9б , 3 , Личева_ЛМ , QM5vDRm7
176 , Вереина Алла Василевна , 295 , 10и , 3 , Вереина_АВ , 68OWLboR
178 , Байнова Анастасия Вадимовна , 363 , 7б , 3 , Байнова_АВ , KphRPzA1
182 , Мужицких Ева Олеговна , 348 , 8х , 3 , Мужицких_ЕО , 5EaqWMeP
186 , Ступакова Кира Ивановна , 421 , 8и , 3 , Ступакова_КИ , RvEp8gG7
190 , Утилова Алена Андреевна , 253 , 11д , 3 , Утилова_АА , f5CE233d
196 , Стефанков Яков Евгеньевич , 318 , 10г , 3 , Стефанков_ЯЕ , KYbse6ag
198 , Семисалов Георгий Иванович , 316 , 9в , 3 , Семисалов_ГИ , MJCPguy0
204 , Старокашин Константин Петрович , 309 , 10а , 3 , Старокашин_КП , O1pEC5Q4
205 , Малтоцов Аркадий Яковлевич , 218 , 8а , 3 , Малтоцов_АЯ , ONhP4ce7
209 , Людин Руслан Аркадиевич , 498 , 7и , 3 , Людин_РА , D5MXNxr8
213 , Томилова Кристина Михайловна , 492 , 11б , 3 , Томилова_КМ , Jt4fyZQv
214 , Дистерев Валерий Валериевич , 24 , 7г , 3 , Дистерев_ВВ , ueJFNl2l
217 , Знайкова Раиса Егоровна , 148 , 11х , 3 , Знайкова_РЕ , 3owGFFAa
232 , Партенков Геннадий Павлович , 418 , 8х , 3 , Партенков_ГП , CMUNt9Zo
241 , Пурынов Евгений Петрович , 244 , 9и , 3 , Пурынов_ЕП , oaRSzp1R
243 , Скроцкая Алина Федоровна , 127 , 8г , 3 , Скроцкая_АФ , s4XaKVj2
244 , Барадулин Вадим Юрьевич , 281 , 11х , 3 , Барадулин_ВЮ , h3Kc8eCC
251 , Чибисенков Владислав Фёдорович , 375 , 8х , 3 , Чибисенков_ВФ , zTRH63WZ
258 , Эштрекова Софья Алексеевна , 76 , 9в , 3 , Эштрекова_СА , 4MB2xn7w
264 , Ребров Алексей Георгиевич , 289 , 8и , 3 , Ребров_АГ , RRnzt8V2
268 , Рудковская Инна Дмитриевна , 6 , 7т , 3 , Рудковская_ИД , HCJt9nyA
269 , Решеткина Дарья Василевна , 408 , 10и , 3 , Решеткина_ДВ , 0XPwM0sR
271 , Лазарина Алёна Федоровна , 161 , 8б , 3 , Лазарина_АФ , RxAsTp2g
273 , Чардынцева Алина Вадимовна , 135 , 10д , 3 , Чардынцева_АВ , Zvyoyj21
275 , Юрицкий Эдуард Денисович , 192 , 7д , 3 , Юрицкий_ЭД , Arua1yrA
278 , Углова Галина Романовна , 260 , 9г , 3 , Углова_ГР , 7oQtLjoS
281 , Жевайкин Евгений Адамович , 86 , 11г , 3 , Жевайкин_ЕА , kduCcc7s
285 , Коцева Кристина Николаевна , 412 , 9г , 3 , Коцева_КН , Ag6atJyh
286 , Голина Кристина Максимовна , 3 , 7х , 3 , Голина_КМ , hbNd2k5K
287 , Батрамеев Анатолий Романович , 354 , 9х , 3 , Батрамеев_АР , SLR3exPr
291 , Стебунова Юлия Романовна , 358 , 9т , 3 , Стебунова_ЮР , TlE1JP9U
293 , Гоцев Тарас Викторович , 41 , 8в , 3 , Гоцев_ТВ , ragBgEj8
295 , Чурзина Клара Егоровна , 308 , 10б , 3 , Чурзина_КЕ , eW30Jklc
297 , Утимишев Ярослав Игоревич , 239 , 11а , 3 , Утимишев_ЯИ , dUr7UaNu
301 , Корнюшин Илья Юрьевич , 44 , 10т , 3 , Корнюшин_ИЮ , r7rbYdd5
311 , Бадов Александр Аркадиевич , 217 , 10г , 3 , Бадов_АА , qdV5aTWZ
314 , Подледнова Наталья Ивановна , 112 , 11и , 3 , Подледнова_НИ , fAPP7271
315 , Садгеева Лиза Евгеньевна , 460 , 11г , 3 , Садгеева_ЛЕ , aPA9dRCT
317 , Аришев Руслан Кириллович , 379 , 10т , 3 , Аришев_РК , nQ1wqLE7
327 , Потешных Тамара Николаевна , 468 , 11в , 3 , Потешных_ТН , FW24DYal
339 , Колокатов Пётр Евгеньевич , 484 , 10в , 3 , Колокатов_ПЕ , R5aaQrbZ
344 , Рубченкова Галина Алексеевна , 190 , 9в , 3 , Рубченкова_ГА , GveAkC5P
346 , Адиотов Дмитрий Павлович , 156 , 7б , 3 , Адиотов_ДП , rqgus6Hw
347 , Тищенкова Раиса Валерьевна , 79 , 7д , 3 , Тищенкова_РВ , j4Sv2Y1t
351 , Стрижнов Алексей Евгеньевич , 385 , 11г , 3 , Стрижнов_АЕ , wC9oqgBd
359 , Мальков Юрий Евгеньевич , 228 , 7г , 3 , Мальков_ЮЕ , fpUu9zHV
361 , Мякушков Герасим Леонидович , 102 , 10т , 3 , Мякушков_ГЛ , MgAaZM0b
364 , Муниров Алексей Андреевич , 117 , 11г , 3 , Муниров_АА , 0fur4CDH
365 , Климухин Руслан Романович , 269 , 10в , 3 , Климухин_РР , Sm2fmwFe
368 , Трушитин Антон Данилович , 168 , 9х , 3 , Трушитин_АД , Pf2L5VmR
371 , Складанова Клавдия Аркадьевна , 257 , 9а , 3 , Складанова_КА , qhM0cL9x
374 , Гришалова Любовь Евгеньевна , 301 , 8т , 3 , Гришалова_ЛЕ , 96CRGr1V
380 , Куверчева Алена Ивановна , 170 , 10д , 3 , Куверчева_АИ , aon9w6tS
386 , Рапацкая Ольга Ивановна , 223 , 10г , 3 , Рапацкая_ОИ , FUdleN7C
389 , Халтанова Алена Дмитриевна , 49 , 8б , 3 , Халтанова_АД , xOnTP4RN
394 , Кадилов Геннадий Борисович , 225 , 10в , 3 , Кадилов_ГБ , xAH8Poba
395 , Гликина Алёна Эдуардовна , 454 , 9б , 3 , Гликина_АЭ , Ffw9MvLm
397 , Мозшорина Кира Дмитриевна , 65 , 8б , 3 , Мозшорина_КД , p4Ak9aOB
405 , Махометова София Викторовна , 424 , 8и , 3 , Махометова_СВ , G4W4DnLG
406 , Зызлов Геннадий Антонович , 274 , 7в , 3 , Зызлов_ГА , 84bSZfBa
409 , Бузулев Вадим Николаевич , 331 , 10д , 3 , Бузулев_ВН , jo2neBdc
410 , Ганельский Юрий Юриевич , 474 , 9д , 3 , Ганельский_ЮЮ , qx1QDOMR
414 , Коваев Руслан Михаилович , 487 , 9т , 3 , Коваев_РМ , t7wUAb8v
416 , Тишанкин Олег Адамович , 334 , 9д , 3 , Тишанкин_ОА , 4Dtom7TJ
418 , Щепанин Олег Адамович , 226 , 7а , 3 , Щепанин_ОА , mGzhnrf7
422 , Черданцева Анастасия Олеговна , 128 , 8х , 3 , Черданцева_АО , psGR1jNL
423 , Лонцова Елизавета Эдуардовна , 224 , 7х , 3 , Лонцова_ЕЭ , bQYPXg3j
427 , Чужриков Пётр Денисович , 200 , 9в , 3 , Чужриков_ПД , Zhcr7k53
428 , Никитшин Алексей Кириллович , 111 , 11и , 3 , Никитшин_АК , pl0RhRJR
431 , Юрасов Евгений Романович , 338 , 9и , 3 , Юрасов_ЕР , ZUxTFJ75
433 , Манжурина Екатерина Сергеевна , 219 , 7т , 3 , Манжурина_ЕС , eAbL4pdN
435 , Бехтерев Федор Вадимович , 137 , 9х , 3 , Бехтерев_ФВ , hrEzF7R8
436 , Годлевская Катерина Дмитриевна , 403 , 11г , 3 , Годлевская_КД , 3RaSPG35
438 , Милина Алена Петровна , 359 , 8г , 3 , Милина_АП , lzLL1LfM
441 , Желейков Вячеслав Яковлевич , 199 , 8г , 3 , Желейков_ВЯ , Zm14BXjj
442 , Шишорнина Екатерина Алексеевна , 183 , 8т , 3 , Шишорнина_ЕА , QHDnErm2
443 , Юумогулова Виолетта Игоревна , 311 , 10х , 3 , Юумогулова_ВИ , cn10VGBv
447 , Бирылов Тарас Данилович , 243 , 11а , 3 , Бирылов_ТД , J8VLLvw5
453 , Ситюков Аркадий Евгеньевич , 32 , 10в , 3 , Ситюков_АЕ , kA5QrNjY
457 , Корпункова Виолетта Сергеевна , 83 , 11а , 3 , Корпункова_ВС , CYDfRz6q
461 , Шантыкова Карина Максимовна , 198 , 10д , 3 , Шантыкова_КМ , 2v70DV2o
468 , Жукулов Михаил Денисович , 60 , 11г , 3 , Жукулов_МД , STc8NE0t
482 , Мачехин Эдуард Данилович , 19 , 7д , 3 , Мачехин_ЭД , tw9QRkz9
483 , Кодорская Раиса Ивановна , 27 , 11б , 3 , Кодорская_РИ , JkSMoE3L
484 , Кондраева Марина Ивановна , 469 , 9д , 3 , Кондраева_МИ , zl5Vy6UK
494 , Калаев Пётр Алексиевич , 68 , 8а , 3 , Калаев_ПА , 9e0O4L3t
498 , Агафьева Вера Ивановна , 352 , 11х , 3 , Агафьева_ВИ , 02LMp6oU
0 , Сербин Геннадий Михаилович , 7 , 8в , 2 , Сербин_ГМ , Fyt6HdEJ
3 , Кижняева Анна Леонидовна , 178 , 7и , 2 , Кижняева_АЛ , BqJv4f47
4 , Цывин Олег Яковлевич , 446 , 7т , 2 , Цывин_ОЯ , SBwUxj45
6 , Липковский Анатолий Иванович , 144 , 10а , 2 , Липковский_АИ , 7G8Wart5
10 , Алпеев Валентин Данилович , 323 , 8а , 2 , Алпеев_ВД , heE8xeuY
11 , Золикова Клара Игоревна , 364 , 10х , 2 , Золикова_КИ , 5xgJrQkf
14 , Ростовиков Константин Николаевич , 336 , 10а , 2 , Ростовиков_КН , SbwQX3ny
20 , Синелев Руслан Тимофеевич , 300 , 8и , 2 , Синелев_РТ , ff7tLGqG
24 , Ковторева Раиса Василевна , 482 , 9и , 2 , Ковторева_РВ , zXf0ZdOY
29 , Плясулина Оксана Андреевна , 346 , 8х , 2 , Плясулина_ОА , 1jkCEMTC
39 , Чигварина Александра Алексеевна , 428 , 10б , 2 , Чигварина_АА , J4hPEfv4
45 , Кулаженков Алексей Олегович , 367 , 10в , 2 , Кулаженков_АО , bmO1cLbg
50 , Светошев Максим Михаилович , 321 , 10х , 2 , Светошев_ММ , ON8LVz1P
53 , Бураханова Анастасия Леонидовна , 16 , 8г , 2 , Бураханова_АЛ , q9YoTrO1
58 , Аржевитова Надежда Федоровна , 242 , 10в , 2 , Аржевитова_НФ , JR6yMGpV
61 , Пашин Роман Вадимович , 204 , 10д , 2 , Пашин_РВ , OMMn9RR1
63 , Свилин Олег Виталиевич , 123 , 8в , 2 , Свилин_ОВ , 4e5lgkX1
64 , Рогоцкий Андрей Адамович , 142 , 9в , 2 , Рогоцкий_АА , dL8HjOKo
66 , Сочиникова Ксения Кирилловна , 100 , 10д , 2 , Сочиникова_КК , bxb8GnBR
76 , Лавренков Михаил Василиевич , 188 , 9б , 2 , Лавренков_МВ , GfR6OQyV
79 , Циркина Виолетта Федоровна , 231 , 9г , 2 , Циркина_ВФ , uKpJvmf2
82 , Беловолов Степан Петрович , 222 , 9д , 2 , Беловолов_СП , o1twVM3E
88 , Калыгин Степан Тимофеевич , 353 , 8и , 2 , Калыгин_СТ , gru0Z2zA
89 , Дурныгина Полина Игоревна , 72 , 8и , 2 , Дурныгина_ПИ , nFGCRz5v
90 , Антюфеева Александра Вадимовна , 347 , 8и , 2 , Антюфеева_АВ , Qr9cZN9W
95 , Беремцев Артём Антонович , 434 , 11т , 2 , Беремцев_АА , jX1k1V9B
98 , Акутникова Мария Алексеевна , 173 , 11в , 2 , Акутникова_МА , GbEHSK9q
99 , Карябкин Константин Максимович , 89 , 7и , 2 , Карябкин_КМ , am35khgE
106 , Байсарова Людмила Василевна , 215 , 11и , 2 , Байсарова_ЛВ , 6yfAYYxa
114 , Баранкин Артём Алексеевич , 382 , 9т , 2 , Баранкин_АА , 2wATYSw5
118 , Пантыкин Борис Игоревич , 245 , 9х , 2 , Пантыкин_БИ , k5mG4gDa
119 , Доутова Марина Богдановна , 189 , 11х , 2 , Доутова_МБ , 0vckVwDu
126 , Кизбабаев Эдуард Фёдорович , 415 , 11т , 2 , Кизбабаев_ЭФ , 2o7mXrZP
127 , Соурчаков Ярослав Валериевич , 268 , 8б , 2 , Соурчаков_ЯВ , m1VGAOgx
128 , Мотяшева Алена Михайловна , 404 , 7т , 2 , Мотяшева_АМ , 4A2ARK4r
129 , Горшкова Наталия Яковлевна , 340 , 11а , 2 , Горшкова_НЯ , etFH17Tr
134 , Худасов Денис Максимович , 70 , 10д , 2 , Худасов_ДМ , xsSAndp7
139 , Молкаев Василий Валериевич , 216 , 8д , 2 , Молкаев_ВВ , uXGrp2LS
140 , Яцынин Константин Тимофеевич , 285 , 7г , 2 , Яцынин_КТ , NC3b506r
142 , Шаметова Евгения Вадимовна , 463 , 7а , 2 , Шаметова_ЕВ , RyO0Rwmd
147 , Вапилина Мария Егоровна , 77 , 7д , 2 , Вапилина_МЕ , b85zoCtQ
148 , Сигутина Дарья Федоровна , 458 , 7б , 2 , Сигутина_ДФ , RSxU4A4u
152 , Ковайкова Юлия Егоровна , 75 , 10г , 2 , Ковайкова_ЮЕ , m5lCJR0o
154 , Россомахов Олег Юриевич , 56 , 8в , 2 , Россомахов_ОЮ , Fvn1pxsV
156 , Квятцева Алла Никитична , 138 , 11в , 2 , Квятцева_АН , LVxT4JRn
160 , Лазученков Василий Алексеевич , 381 , 7х , 2 , Лазученков_ВА , Z1jaE8RM
164 , Сандрыкина Анна Олеговна , 324 , 10т , 2 , Сандрыкина_АО , 5nn9Xrh3
165 , Недбайлов Алексей Денисович , 15 , 7т , 2 , Недбайлов_АД , 21rHXAhq
171 , Сачинский Валентин Кириллович , 125 , 10т , 2 , Сачинский_ВК , 1awL2S8B
172 , Тарзанова Евгения Аркадьевна , 96 , 9д , 2 , Тарзанова_ЕА , PKM4szWT
181 , Каценова Алёна Эдуардовна , 165 , 11т , 2 , Каценова_АЭ , 9SbB3Yvc
183 , Плеснецов Степан Юрьевич , 22 , 10а , 2 , Плеснецов_СЮ , 7epbJoux
189 , Гречишева Марина Андреевна , 464 , 7д , 2 , Гречишева_МА , Jhg4pqRw
193 , Гурычева Лариса Валерьевна , 489 , 9б , 2 , Гурычева_ЛВ , cCTV7OX7
195 , Кутурин Геннадий Денисович , 197 , 9в , 2 , Кутурин_ГД , Av0c72Lq
197 , Множина Людмила Василевна , 90 , 8б , 2 , Множина_ЛВ , fcJCPxV0
199 , Рогалов Альберт Валериевич , 327 , 9б , 2 , Рогалов_АВ , rBkoRs6E
200 , Черетаева Анастасия Олеговна , 341 , 9б , 2 , Черетаева_АО , Z8aQ5Gl1
206 , Кузеванова Ева Егоровна , 116 , 7д , 2 , Кузеванова_ЕЕ , TetS15Md
207 , Нурулина Алёна Егоровна , 284 , 9х , 2 , Нурулина_АЕ , tVAW7CLt
211 , Лютов Виктор Юрьевич , 288 , 11г , 2 , Лютов_ВЮ , Tt3BYcfr
219 , Пятернина Кристина Андреевна , 445 , 7и , 2 , Пятернина_КА , U77OtXlf
220 , Гусеева Карина Викторовна , 263 , 9и , 2 , Гусеева_КВ , mBreD3JD
221 , Кастева Яна Сергеевна , 108 , 7и , 2 , Кастева_ЯС , 8FWz117R
222 , Гришанин Тарас Павлович , 113 , 10т , 2 , Гришанин_ТП , LKKRj0GY
224 , Мелисин Геннадий Василиевич , 465 , 10г , 2 , Мелисин_ГВ , 698Rl60b
226 , Петов Георгий Адамович , 57 , 9а , 2 , Петов_ГА , t9Cg7QJ3
234 , Тютекин Георгий Тимофеевич , 262 , 7а , 2 , Тютекин_ГТ , 8SCDCTYw
242 , Супрутская Вероника Викторовна , 187 , 9а , 2 , Супрутская_ВВ , xj38Wrwa
245 , Точилин Дмитрий Фёдорович , 476 , 8а , 2 , Точилин_ДФ , oDerTy7N
246 , Бикмуллин Руслан Валериевич , 333 , 11т , 2 , Бикмуллин_РВ , hVprcM8y
252 , Утилов Роман Василиевич , 254 , 9х , 2 , Утилов_РВ , dYtczkJ3
254 , Визавитина Наталия Леонидовна , 101 , 10г , 2 , Визавитина_НЛ , j0JTlFrr
257 , Наторкин Валентин Данилович , 319 , 7и , 2 , Наторкин_ВД , guxUu4xR
259 , Кутаманова Кира Андреевна , 182 , 10т , 2 , Кутаманова_КА , vESlCn2O
262 , Глаголина Алиса Никитична , 249 , 9д , 2 , Глаголина_АН , 88VRHwZa
265 , Вырысалова Александра Евгеньевна , 39 , 11и , 2 , Вырысалова_АЕ , Q1tmofRj
277 , Чмареткова Полина Вадимовна , 449 , 10а , 2 , Чмареткова_ПВ , RRDlkdu9
283 , Калонин Альберт Денисович , 297 , 8б , 2 , Калонин_АД , ZRET2KeN
290 , Числин Юрий Денисович , 121 , 7в , 2 , Числин_ЮД , Amszprh0
298 , Алуханов Кирилл Фёдорович , 298 , 7т , 2 , Алуханов_КФ , xxZU5tNM
299 , Полунеев Валентин Валериевич , 307 , 8и , 2 , Полунеев_ВВ , XO92stnL
305 , Трепашова София Яковлевна , 399 , 11а , 2 , Трепашова_СЯ , V6jk2aut
307 , Польшиков Денис Игоревич , 495 , 9и , 2 , Польшиков_ДИ , 0eQJd5pT
308 , Медоусова Жанна Романовна , 252 , 7б , 2 , Медоусова_ЖР , rVzw0aXr
313 , Чебина Инна Сергеевна , 273 , 10т , 2 , Чебина_ИС , yRBT04NO
316 , Акушин Борис Павлович , 493 , 9т , 2 , Акушин_БП , uH8DTheC
318 , Гуслова Кристина Олеговна , 389 , 9в , 2 , Гуслова_КО , u1sU1bjW
324 , Люцарева Яна Аркадьевна , 376 , 11б , 2 , Люцарева_ЯА , 6hxX3oc5
333 , Аристарова Валентина Максимовна , 443 , 11г , 2 , Аристарова_ВМ , B58YtQ99
342 , Штырева Ева Олеговна , 258 , 11и , 2 , Штырева_ЕО , XZMls7V6
348 , Лозеев Илья Петрович , 205 , 10д , 2 , Лозеев_ИП , 1MrTjmlr
349 , Кобяшов Герасим Михаилович , 305 , 11т , 2 , Кобяшов_ГМ , OE6nrn19
357 , Остропиков Альберт Данилович , 157 , 8г , 2 , Остропиков_АД , kkcDZ7Fn
363 , Чериншев Александр Сергеевич , 439 , 8а , 2 , Чериншев_АС , 9qDN07wB
367 , Тюнеев Яков Фёдорович , 417 , 10т , 2 , Тюнеев_ЯФ , 0Sl00hAS
376 , Просяных Георгий Василиевич , 366 , 9в , 2 , Просяных_ГВ , p0SZET8L
379 , Тупиева Екатерина Ивановна , 400 , 7д , 2 , Тупиева_ЕИ , 0PObPAxp
385 , Шахвердов Дмитрий Антонович , 132 , 11б , 2 , Шахвердов_ДА , QTWB0arS
387 , Сторокожев Виталий Аркадиевич , 159 , 9б , 2 , Сторокожев_ВА , kS1Jr81G
398 , Брижеватов Константин Борисович , 152 , 11т , 2 , Брижеватов_КБ , 0ZpoGZqO
400 , Мисютина Валерия Эдуардовна , 368 , 9г , 2 , Мисютина_ВЭ , EXCKw3uc
413 , Шилова Надежда Викторовна , 124 , 9б , 2 , Шилова_НВ , yo8vgU6n
417 , Широпаев Валерий Сергеевич , 406 , 9б , 2 , Широпаев_ВС , u1Swz5ra
426 , Аратский Станислав Борисович , 351 , 9и , 2 , Аратский_СБ , 7Z4OUQUe
434 , Никурашин Олег Евгеньевич , 291 , 11х , 2 , Никурашин_ОЕ , S4FKd6om
439 , Воловин Борис Викторович , 350 , 7т , 2 , Воловин_БВ , jt6mKu7H
444 , Рецков Денис Денисович , 85 , 10д , 2 , Рецков_ДД , pTMTpz0x
445 , Химунина Елизавета Ивановна , 392 , 7д , 2 , Химунина_ЕИ , 3ZvvFRr4
446 , Кобрянов Александр Алексиевич , 455 , 7т , 2 , Кобрянов_АА , xKrj7tJu
451 , Нарзаркин Алексей Романович , 423 , 10т , 2 , Нарзаркин_АР , oG7edtUQ
455 , Пандурова Алиса Дмитриевна , 130 , 9б , 2 , Пандурова_АД , Um6XpaCE
456 , Жилейкин Борис Тимофеевич , 91 , 7в , 2 , Жилейкин_БТ , K6GTekr6
463 , Максимкин Федор Фёдорович , 172 , 10г , 2 , Максимкин_ФФ , 5sP9qBUc
464 , Матбиюшина Виктория Игоревна , 237 , 8д , 2 , Матбиюшина_ВИ , Lq80Hqwp
470 , Шушенкова Алёна Олеговна , 36 , 7и , 2 , Шушенкова_АО , 6WTOomMF
471 , Разроев Дмитрий Павлович , 59 , 9а , 2 , Разроев_ДП , H8sCpSOe
472 , Баззаев Анатолий Данилович , 339 , 9д , 2 , Баззаев_АД , Atsl8rrn
473 , Цекова Алла Олеговна , 50 , 8д , 2 , Цекова_АО , tm5lGCR0
478 , Ойзерская Катерина Эдуардовна , 120 , 7х , 2 , Ойзерская_КЭ , xx7FUREW
479 , Прусский Ярослав Иванович , 479 , 11б , 2 , Прусский_ЯИ , R2Meh2Je
481 , Покровов Эдуард Павлович , 312 , 8б , 2 , Покровов_ЭП , GRjeTct3
490 , Хорняков Борис Борисович , 13 , 8г , 2 , Хорняков_ББ , ee91lWyk
492 , Агаршев Ярослав Михаилович , 276 , 9т , 2 , Агаршев_ЯМ , y7O4TXY1
493 , Корюшин Пётр Антонович , 326 , 8х , 2 , Корюшин_ПА , 2rLvkZSl
495 , Ккаталкина Виолетта Егоровна , 53 , 7б , 2 , Ккаталкина_ВЕ , vXo0sBc1
497 , Миндубаева Людмила Леонидовна , 477 , 11и , 2 , Миндубаева_ЛЛ , RFmbof5R
